SALESORDERID;PRODUCTID
0500000000;MB-1034
0500000000;CB-1161
0500000001;HB-1175
0500000001;RC-1056
0500000001;CC-1021
0500000001;CB-1161
0500000002;HB-1175
0500000002;RC-1055
0500000002;DB-1081
0500000002;EB-1133
0500000002;BX-1015
0500000002;CC-1021
0500000003;RC-1056
0500000003;BX-1013
0500000003;RC-1056
0500000003;CB-1161
0500000003;EB-1131
0500000003;MB-1034
0500000003;DB-1082
0500000003;EB-1134
0500000004;BX-1014
0500000004;EB-1134
0500000004;CB-1163
0500000004;BX-1013
0500000004;MB-1034
0500000004;MB-1031
0500000004;RC-1051
0500000004;HB-1174
0500000005;RC-1054
0500000005;CC-1021
0500000005;RC-1052
0500000005;BX-1011
0500000005;HB-1175
0500000005;RO-1002
0500000006;EB-1137
0500000006;CB-1163
0500000006;EB-1134
0500000006;HB-1176
0500000006;RC-1052
0500000006;EB-1135
0500000006;RC-1054
0500000007;HB-1171
0500000008;EB-1137
0500000008;CC-1022
0500000008;CC-1023
0500000008;RC-1052
0500000009;BX-1014
0500000009;EB-1131
0500000009;EB-1135
0500000009;CC-1021
0500000009;EB-1135
0500000009;BX-1013
0500000009;DB-1081
0500000009;CB-1161
0500000009;HB-1171
0500000009;HB-1175
0500000010;RO-1002
0500000010;CC-1021
0500000011;MB-1032
0500000011;RO-1001
0500000011;MB-1031
0500000011;BX-1016
0500000011;EB-1132
0500000011;EB-1135
0500000011;RC-1054
0500000012;HB-1176
0500000012;CB-1161
0500000012;BX-1013
0500000013;RO-1001
0500000013;BX-1015
0500000013;RC-1055
0500000013;RO-1001
0500000013;CC-1023
0500000013;EB-1133
0500000013;CC-1022
0500000013;RC-1051
0500000014;CB-1161
0500000014;DB-1082
0500000014;DB-1081
0500000014;BX-1011
0500000014;CC-1022
0500000014;CB-1162
0500000015;DB-1083
0500000015;CB-1162
0500000015;MB-1033
0500000016;RC-1052
0500000016;BX-1012
0500000016;RC-1052
0500000016;EB-1133
0500000016;EB-1132
0500000017;RC-1057
0500000017;DB-1083
0500000017;RC-1053
0500000017;DB-1081
0500000017;BX-1011
0500000017;EB-1132
0500000017;RO-1001
0500000017;RC-1054
0500000018;BX-1016
0500000019;DB-1082
0500000019;RO-1001
0500000019;DB-1083
0500000019;CB-1162
0500000020;CC-1023
0500000020;EB-1136
0500000020;MB-1033
0500000021;HB-1174
0500000022;EB-1132
0500000022;DB-1082
0500000023;CB-1163
0500000023;HB-1176
0500000023;RC-1053
0500000023;DB-1083
0500000023;EB-1132
0500000023;RC-1051
0500000024;HB-1172
0500000024;CC-1023
0500000024;BX-1013
0500000024;CC-1021
0500000024;RC-1056
0500000024;EB-1135
0500000024;CC-1023
0500000024;CC-1022
0500000024;CC-1023
0500000024;MB-1034
0500000025;RC-1056
0500000025;HB-1173
0500000025;RO-1003
0500000025;BX-1013
0500000025;MB-1034
0500000026;DB-1081
0500000026;DB-1083
0500000026;BX-1013
0500000026;HB-1175
0500000026;BX-1011
0500000026;RC-1056
0500000026;EB-1136
0500000026;HB-1175
0500000026;CC-1023
0500000026;CB-1161
0500000027;HB-1171
0500000027;RC-1052
0500000027;RC-1055
0500000027;HB-1171
0500000027;CB-1163
0500000027;BX-1014
0500000027;CB-1161
0500000027;EB-1133
0500000027;EB-1132
0500000027;RC-1052
0500000028;EB-1136
0500000028;MB-1033
0500000028;CC-1023
0500000028;RO-1003
0500000029;HB-1172
0500000029;BX-1014
0500000029;RC-1054
0500000029;BX-1013
0500000029;EB-1132
0500000029;EB-1133
0500000029;RO-1001
0500000029;HB-1172
0500000029;CC-1022
0500000030;HB-1173
0500000030;EB-1134
0500000030;BX-1013
0500000030;RO-1003
0500000030;HB-1173
0500000030;HB-1174
0500000030;DB-1082
0500000030;EB-1133
0500000031;CC-1021
0500000031;CB-1163
0500000031;RC-1053
0500000031;BX-1012
0500000031;RO-1003
0500000031;DB-1083
0500000031;HB-1171
0500000032;HB-1174
0500000032;RO-1002
0500000032;EB-1134
0500000032;CB-1163
0500000032;RC-1056
0500000032;BX-1012
0500000032;EB-1132
0500000033;MB-1033
0500000033;EB-1131
0500000033;HB-1176
0500000033;RC-1052
0500000034;BX-1015
0500000034;DB-1082
0500000034;RC-1052
0500000034;HB-1175
0500000034;CC-1022
0500000035;EB-1137
0500000035;EB-1132
0500000035;EB-1134
0500000035;RC-1056
0500000036;HB-1172
0500000036;EB-1137
0500000036;CB-1163
0500000036;RC-1057
0500000036;CB-1162
0500000036;EB-1136
0500000036;HB-1171
0500000036;BX-1016
0500000037;BX-1015
0500000037;DB-1081
0500000037;BX-1016
0500000038;EB-1132
0500000038;EB-1136
0500000038;BX-1013
0500000039;RC-1054
0500000039;EB-1133
0500000040;EB-1135
0500000040;CB-1163
0500000040;EB-1134
0500000040;CB-1161
0500000041;BX-1014
0500000041;BX-1016
0500000041;CB-1161
0500000041;DB-1082
0500000041;BX-1015
0500000041;EB-1136
0500000041;BX-1015
0500000041;HB-1174
0500000041;RO-1003
0500000042;BX-1013
0500000042;DB-1081
0500000042;DB-1081
0500000042;EB-1132
0500000042;CB-1161
0500000042;HB-1173
0500000043;EB-1135
0500000043;HB-1176
0500000043;EB-1131
0500000043;CB-1161
0500000043;RO-1002
0500000044;BX-1016
0500000044;BX-1011
0500000044;BX-1013
0500000045;EB-1135
0500000046;BX-1014
0500000046;CB-1163
0500000046;RC-1054
0500000046;BX-1012
0500000046;EB-1135
0500000046;RC-1055
0500000046;HB-1174
0500000046;CB-1161
0500000046;BX-1013
0500000047;CC-1021
0500000048;DB-1081
0500000048;RO-1003
0500000048;CB-1163
0500000048;RC-1055
0500000048;DB-1083
0500000048;BX-1011
0500000048;MB-1032
0500000048;CC-1021
0500000049;CB-1161
0500000049;BX-1011
0500000049;HB-1172
0500000049;BX-1011
0500000049;DB-1081
0500000049;RC-1057
0500000049;DB-1081
0500000049;BX-1015
0500000049;BX-1011
0500000049;RC-1057
0500000050;DB-1083
0500000050;CB-1161
0500000050;EB-1134
0500000050;EB-1136
0500000051;BX-1011
0500000051;DB-1083
0500000051;RC-1055
0500000052;HB-1173
0500000052;RC-1051
0500000053;CB-1161
0500000053;MB-1032
0500000053;RC-1055
0500000054;CC-1021
0500000054;DB-1081
0500000054;RC-1052
0500000054;HB-1172
0500000054;CC-1022
0500000055;BX-1011
0500000055;RC-1052
0500000055;RC-1052
0500000055;RC-1051
0500000055;RC-1053
0500000055;RO-1003
0500000056;EB-1135
0500000056;EB-1134
0500000056;EB-1134
0500000056;CB-1161
0500000056;EB-1134
0500000056;CB-1163
0500000056;RO-1002
0500000057;RO-1002
0500000057;HB-1171
0500000057;HB-1175
0500000057;CB-1163
0500000057;HB-1174
0500000057;EB-1131
0500000057;HB-1176
0500000057;CC-1021
0500000058;MB-1033
0500000058;CB-1163
0500000058;CB-1163
0500000058;EB-1133
0500000058;HB-1176
0500000058;MB-1033
0500000058;EB-1133
0500000058;RC-1055
0500000059;RO-1001
0500000059;RC-1052
0500000059;MB-1031
0500000059;HB-1174
0500000059;BX-1011
0500000059;EB-1136
0500000060;EB-1134
0500000060;EB-1131
0500000060;RC-1055
0500000060;CB-1163
0500000060;MB-1031
0500000060;BX-1013
0500000060;CB-1163
0500000060;MB-1032
0500000060;MB-1033
0500000061;EB-1134
0500000061;BX-1015
0500000061;CC-1023
0500000061;HB-1172
0500000061;HB-1173
0500000061;HB-1173
0500000061;HB-1175
0500000061;CB-1162
0500000061;CB-1161
0500000062;BX-1014
0500000063;MB-1032
0500000063;MB-1033
0500000063;EB-1136
0500000063;HB-1174
0500000063;RC-1054
0500000063;CC-1023
0500000063;EB-1137
0500000064;CB-1163
0500000064;BX-1012
0500000064;EB-1134
0500000064;HB-1173
0500000064;RC-1056
0500000064;EB-1136
0500000064;RC-1055
0500000065;CC-1023
0500000065;EB-1131
0500000065;BX-1013
0500000065;BX-1013
0500000065;RC-1057
0500000065;BX-1016
0500000065;HB-1176
0500000065;CC-1023
0500000066;MB-1031
0500000067;EB-1135
0500000067;BX-1014
0500000067;HB-1172
0500000067;RO-1002
0500000068;CC-1021
0500000068;EB-1137
0500000068;CC-1023
0500000068;BX-1012
0500000069;HB-1176
0500000069;EB-1132
0500000069;HB-1174
0500000069;BX-1015
0500000069;BX-1015
0500000069;HB-1176
0500000069;EB-1133
0500000070;RC-1053
0500000070;HB-1173
0500000070;RO-1003
0500000070;BX-1012
0500000070;HB-1174
0500000071;CC-1022
0500000071;HB-1175
0500000071;BX-1011
0500000071;CB-1161
0500000071;HB-1176
0500000072;CB-1161
0500000072;EB-1133
0500000072;BX-1013
0500000072;EB-1137
0500000072;RC-1057
0500000072;CB-1163
0500000072;BX-1015
0500000072;BX-1012
0500000072;CC-1023
0500000072;EB-1133
0500000073;HB-1175
0500000074;EB-1132
0500000074;RC-1051
0500000074;BX-1013
0500000074;MB-1033
0500000074;HB-1173
0500000074;HB-1173
0500000074;RC-1052
0500000074;MB-1033
0500000074;CC-1023
0500000074;CC-1021
0500000075;EB-1137
0500000075;BX-1013
0500000075;EB-1137
0500000075;BX-1014
0500000075;HB-1175
0500000075;MB-1032
0500000075;MB-1032
0500000076;EB-1131
0500000076;EB-1131
0500000076;EB-1134
0500000076;EB-1131
0500000076;RC-1053
0500000076;RC-1053
0500000076;DB-1081
0500000077;HB-1176
0500000077;EB-1135
0500000077;BX-1012
0500000077;RC-1051
0500000078;DB-1082
0500000078;RO-1003
0500000078;CB-1163
0500000078;RO-1002
0500000078;RC-1056
0500000078;CC-1022
0500000078;EB-1137
0500000078;EB-1137
0500000079;RC-1054
0500000079;CC-1022
0500000079;RC-1055
0500000079;HB-1173
0500000079;HB-1172
0500000080;CC-1022
0500000080;EB-1131
0500000080;RC-1055
0500000080;RC-1053
0500000080;MB-1034
0500000080;HB-1171
0500000080;CB-1162
0500000080;EB-1133
0500000080;MB-1033
0500000081;HB-1172
0500000081;EB-1132
0500000081;BX-1016
0500000081;CB-1161
0500000082;RC-1052
0500000082;DB-1083
0500000082;BX-1013
0500000083;RO-1002
0500000083;CC-1023
0500000083;RC-1056
0500000084;HB-1173
0500000084;BX-1013
0500000084;BX-1013
0500000084;MB-1033
0500000084;RO-1001
0500000084;RC-1057
0500000084;DB-1083
0500000084;EB-1133
0500000084;CC-1023
0500000084;RC-1054
0500000085;CC-1022
0500000085;HB-1174
0500000085;EB-1134
0500000085;BX-1014
0500000086;RC-1052
0500000086;RO-1001
0500000086;BX-1013
0500000087;EB-1134
0500000087;MB-1033
0500000087;BX-1011
0500000087;CC-1023
0500000087;RO-1002
0500000087;BX-1014
0500000087;BX-1015
0500000087;BX-1015
0500000088;HB-1176
0500000088;EB-1136
0500000088;CB-1163
0500000088;CB-1162
0500000088;EB-1132
0500000088;DB-1081
0500000088;BX-1015
0500000088;RC-1053
0500000089;RC-1055
0500000089;EB-1133
0500000089;RC-1056
0500000090;DB-1082
0500000090;RC-1053
0500000090;RO-1003
0500000090;HB-1176
0500000090;RC-1056
0500000091;EB-1132
0500000091;MB-1034
0500000092;HB-1175
0500000092;HB-1173
0500000092;HB-1172
0500000092;MB-1031
0500000092;MB-1032
0500000092;DB-1081
0500000092;RC-1051
0500000092;BX-1012
0500000092;BX-1013
0500000093;HB-1174
0500000093;RC-1056
0500000093;HB-1176
0500000093;DB-1083
0500000093;MB-1032
0500000094;BX-1013
0500000094;RC-1056
0500000095;BX-1016
0500000095;MB-1033
0500000096;RC-1057
0500000096;MB-1033
0500000096;RC-1057
0500000096;BX-1011
0500000096;BX-1011
0500000096;CB-1162
0500000096;RO-1001
0500000096;BX-1013
0500000096;BX-1013
0500000097;RC-1056
0500000097;EB-1132
0500000097;MB-1033
0500000097;MB-1031
0500000097;BX-1015
0500000097;HB-1171
0500000098;EB-1133
0500000098;MB-1033
0500000098;BX-1013
0500000098;BX-1015
0500000098;CB-1163
0500000098;RC-1051
0500000098;EB-1136
0500000098;EB-1132
0500000098;CC-1023
0500000098;HB-1173
0500000099;CC-1023
0500000099;EB-1135
0500000099;CB-1162
0500000099;CC-1021
0500000100;CB-1161
0500000100;HB-1171
0500000100;CB-1163
0500000100;CC-1022
0500000100;CC-1023
0500000100;RO-1002
0500000100;DB-1083
0500000100;RC-1054
0500000100;EB-1134
0500000100;BX-1014
0500000101;RO-1003
0500000101;RC-1056
0500000101;CC-1021
0500000101;RO-1001
0500000101;HB-1176
0500000101;CB-1162
0500000101;DB-1083
0500000101;BX-1016
0500000102;BX-1014
0500000103;CC-1021
0500000103;RO-1001
0500000103;RC-1057
0500000103;CC-1022
0500000103;BX-1011
0500000103;RC-1053
0500000103;BX-1011
0500000103;HB-1173
0500000103;MB-1033
0500000104;RO-1001
0500000104;MB-1034
0500000104;BX-1013
0500000105;RC-1052
0500000105;HB-1172
0500000105;MB-1033
0500000106;RO-1003
0500000106;DB-1081
0500000106;DB-1081
0500000106;EB-1135
0500000106;HB-1174
0500000106;CC-1022
0500000107;RC-1051
0500000107;DB-1082
0500000107;RO-1002
0500000107;EB-1135
0500000107;RC-1057
0500000107;BX-1013
0500000107;BX-1016
0500000107;BX-1015
0500000107;RC-1055
0500000108;MB-1032
0500000108;BX-1014
0500000108;BX-1013
0500000108;BX-1012
0500000108;BX-1015
0500000108;MB-1034
0500000108;HB-1172
0500000108;RC-1055
0500000108;CC-1023
0500000108;EB-1133
0500000109;RC-1054
0500000109;RC-1054
0500000110;EB-1134
0500000110;RC-1056
0500000110;MB-1033
0500000111;CB-1163
0500000111;BX-1011
0500000111;EB-1134
0500000111;RC-1055
0500000112;HB-1173
0500000112;DB-1082
0500000112;BX-1013
0500000112;DB-1082
0500000112;RC-1054
0500000112;MB-1033
0500000112;CB-1163
0500000112;EB-1134
0500000112;CC-1023
0500000112;CB-1163
0500000113;RC-1057
0500000113;BX-1013
0500000113;RC-1052
0500000113;CB-1161
0500000113;RC-1057
0500000113;EB-1135
0500000114;DB-1082
0500000114;RO-1003
0500000114;BX-1013
0500000115;RC-1054
0500000115;CC-1021
0500000115;EB-1134
0500000115;BX-1016
0500000116;HB-1173
0500000116;BX-1013
0500000117;MB-1034
0500000118;MB-1031
0500000118;BX-1015
0500000118;BX-1013
0500000118;RC-1056
0500000118;MB-1031
0500000118;CC-1023
0500000118;HB-1172
0500000118;EB-1131
0500000118;CC-1023
0500000118;EB-1135
0500000119;RC-1055
0500000119;RC-1051
0500000119;BX-1014
0500000119;EB-1132
0500000119;CB-1163
0500000119;RC-1053
0500000120;RC-1053
0500000120;RC-1052
0500000120;RO-1003
0500000120;RC-1057
0500000120;RC-1055
0500000121;HB-1172
0500000121;BX-1012
0500000121;BX-1016
0500000121;CC-1022
0500000121;EB-1136
0500000121;HB-1176
0500000122;CB-1163
0500000122;HB-1174
0500000122;RC-1052
0500000122;DB-1081
0500000122;HB-1171
0500000122;DB-1082
0500000122;RO-1003
0500000122;BX-1012
0500000122;BX-1013
0500000123;BX-1015
0500000123;DB-1081
0500000123;MB-1033
0500000123;BX-1015
0500000123;EB-1131
0500000123;CC-1022
0500000123;MB-1031
0500000123;MB-1033
0500000124;RC-1051
0500000124;EB-1134
0500000124;DB-1081
0500000124;DB-1082
0500000124;EB-1131
0500000124;EB-1133
0500000125;HB-1176
0500000125;CB-1162
0500000125;EB-1134
0500000125;MB-1034
0500000126;EB-1137
0500000126;RO-1003
0500000126;BX-1013
0500000126;RC-1052
0500000126;EB-1137
0500000126;EB-1131
0500000126;HB-1174
0500000126;BX-1011
0500000126;BX-1013
0500000127;DB-1083
0500000127;RC-1053
0500000128;CC-1023
0500000128;DB-1083
0500000128;DB-1081
0500000128;DB-1082
0500000128;CC-1021
0500000128;BX-1014
0500000129;CB-1161
0500000129;RC-1053
0500000129;CC-1021
0500000129;CB-1161
0500000129;EB-1137
0500000130;EB-1131
0500000130;MB-1033
0500000130;RC-1055
0500000130;MB-1034
0500000130;HB-1176
0500000130;EB-1136
0500000130;BX-1012
0500000130;CB-1163
0500000130;MB-1033
0500000131;DB-1081
0500000131;MB-1031
0500000131;RC-1054
0500000131;CB-1163
0500000131;HB-1174
0500000131;RO-1001
0500000131;EB-1132
0500000131;EB-1131
0500000131;BX-1015
0500000132;DB-1081
0500000132;RC-1057
0500000133;DB-1083
0500000133;RO-1003
0500000134;DB-1081
0500000134;EB-1136
0500000134;CC-1023
0500000134;BX-1013
0500000135;EB-1137
0500000135;RC-1051
0500000135;RC-1055
0500000135;RC-1053
0500000135;HB-1173
0500000135;DB-1083
0500000135;MB-1032
0500000135;RO-1001
0500000135;MB-1033
0500000136;BX-1013
0500000136;EB-1134
0500000136;EB-1134
0500000136;HB-1175
0500000136;BX-1012
0500000136;BX-1011
0500000136;HB-1175
0500000137;BX-1015
0500000137;HB-1172
0500000137;CB-1162
0500000137;HB-1174
0500000137;MB-1034
0500000137;RO-1001
0500000137;CC-1023
0500000137;RC-1054
0500000138;BX-1015
0500000138;HB-1173
0500000138;RC-1056
0500000138;DB-1083
0500000138;EB-1135
0500000138;CB-1163
0500000138;CB-1162
0500000138;CC-1021
0500000138;BX-1013
0500000139;RC-1053
0500000139;BX-1016
0500000139;HB-1171
0500000139;HB-1171
0500000139;HB-1174
0500000140;RC-1055
0500000140;EB-1136
0500000140;BX-1013
0500000140;RC-1057
0500000140;HB-1176
0500000140;HB-1176
0500000140;HB-1171
0500000140;EB-1133
0500000141;HB-1175
0500000141;HB-1175
0500000141;HB-1174
0500000141;BX-1014
0500000141;RO-1002
0500000141;CB-1161
0500000141;DB-1082
0500000141;BX-1014
0500000141;HB-1175
0500000141;MB-1031
0500000142;MB-1034
0500000142;EB-1132
0500000142;BX-1013
0500000143;RO-1001
0500000143;RC-1054
0500000143;HB-1174
0500000143;HB-1171
0500000144;CB-1161
0500000144;RC-1051
0500000144;DB-1081
0500000144;EB-1135
0500000144;RC-1053
0500000144;MB-1032
0500000145;HB-1174
0500000145;HB-1174
0500000145;MB-1033
0500000146;MB-1033
0500000146;RC-1051
0500000146;CB-1163
0500000146;RC-1055
0500000146;EB-1134
0500000146;BX-1015
0500000146;CC-1021
0500000146;BX-1014
0500000147;EB-1137
0500000147;MB-1032
0500000147;RC-1055
0500000147;CB-1162
0500000147;EB-1131
0500000147;RC-1053
0500000147;DB-1082
0500000148;BX-1015
0500000148;RC-1051
0500000148;MB-1034
0500000148;BX-1015
0500000148;EB-1135
0500000148;EB-1137
0500000148;MB-1031
0500000148;DB-1083
0500000148;BX-1013
0500000149;EB-1131
0500000149;EB-1132
0500000149;CB-1161
0500000149;MB-1033
0500000149;CC-1022
0500000149;EB-1136
0500000150;HB-1175
0500000150;RO-1001
0500000150;RC-1055
0500000150;BX-1015
0500000150;BX-1015
0500000150;CB-1163
0500000150;RO-1001
0500000150;DB-1082
0500000150;MB-1033
0500000151;RO-1003
0500000151;DB-1083
0500000152;CC-1023
0500000152;HB-1175
0500000152;BX-1013
0500000152;MB-1032
0500000152;RO-1001
0500000152;MB-1031
0500000152;CB-1162
0500000152;EB-1131
0500000152;CC-1023
0500000152;RC-1055
0500000153;CC-1023
0500000153;EB-1132
0500000153;MB-1034
0500000153;HB-1172
0500000153;HB-1171
0500000153;CC-1021
0500000153;DB-1081
0500000153;EB-1135
0500000153;BX-1011
0500000153;CB-1162
0500000154;BX-1011
0500000154;RC-1057
0500000154;BX-1013
0500000154;DB-1081
0500000154;EB-1137
0500000154;BX-1014
0500000154;MB-1034
0500000154;RO-1003
0500000154;CC-1023
0500000154;RC-1055
0500000155;BX-1016
0500000155;BX-1014
0500000155;EB-1134
0500000155;RC-1052
0500000156;RC-1056
0500000156;CB-1161
0500000156;EB-1134
0500000156;EB-1135
0500000156;CC-1023
0500000156;EB-1136
0500000156;CC-1021
0500000157;EB-1132
0500000157;HB-1171
0500000157;DB-1082
0500000157;BX-1011
0500000157;RC-1052
0500000157;MB-1033
0500000157;HB-1173
0500000157;EB-1132
0500000157;RO-1001
0500000157;BX-1013
0500000158;MB-1033
0500000158;RC-1055
0500000158;CC-1023
0500000158;RC-1057
0500000159;BX-1011
0500000159;CC-1023
0500000159;EB-1137
0500000160;CB-1161
0500000160;DB-1083
0500000160;EB-1134
0500000160;RO-1001
0500000161;HB-1176
0500000161;MB-1031
0500000162;RC-1054
0500000162;RC-1056
0500000162;BX-1013
0500000163;MB-1034
0500000163;EB-1133
0500000163;BX-1016
0500000163;HB-1173
0500000163;EB-1135
0500000163;HB-1173
0500000163;DB-1083
0500000164;RC-1055
0500000164;EB-1132
0500000164;CC-1023
0500000164;BX-1012
0500000165;MB-1031
0500000165;EB-1134
0500000165;RC-1055
0500000165;BX-1015
0500000165;RC-1052
0500000165;HB-1173
0500000165;CB-1161
0500000165;EB-1133
0500000165;MB-1033
0500000166;CC-1021
0500000166;BX-1012
0500000166;DB-1081
0500000166;RC-1054
0500000166;EB-1134
0500000166;HB-1173
0500000167;MB-1034
0500000167;DB-1083
0500000168;HB-1175
0500000168;EB-1137
0500000168;EB-1134
0500000168;HB-1176
0500000168;BX-1013
0500000168;CC-1022
0500000168;BX-1013
0500000169;BX-1011
0500000170;HB-1173
0500000170;BX-1011
0500000170;EB-1134
0500000170;EB-1134
0500000171;RC-1052
0500000171;BX-1011
0500000171;BX-1014
0500000171;CB-1163
0500000171;HB-1175
0500000171;HB-1171
0500000171;EB-1137
0500000171;BX-1013
0500000171;RC-1057
0500000171;BX-1015
0500000172;DB-1082
0500000172;BX-1011
0500000172;EB-1134
0500000172;RC-1055
0500000172;RC-1057
0500000172;BX-1015
0500000172;HB-1175
0500000172;HB-1171
0500000172;BX-1013
0500000173;RC-1053
0500000173;RC-1055
0500000173;EB-1132
0500000173;BX-1016
0500000173;EB-1131
0500000173;MB-1031
0500000174;HB-1172
0500000174;RO-1003
0500000174;CB-1163
0500000174;RC-1052
0500000174;RO-1002
0500000174;CB-1162
0500000174;CC-1023
0500000174;EB-1137
0500000175;RC-1052
0500000175;EB-1137
0500000175;RC-1052
0500000175;EB-1134
0500000175;DB-1082
0500000175;EB-1136
0500000176;EB-1131
0500000176;RC-1056
0500000176;CB-1163
0500000176;BX-1016
0500000176;RC-1057
0500000176;RC-1056
0500000176;BX-1014
0500000176;EB-1136
0500000177;RC-1051
0500000177;HB-1171
0500000177;DB-1083
0500000177;HB-1175
0500000177;EB-1134
0500000178;MB-1034
0500000178;EB-1136
0500000178;EB-1134
0500000178;RC-1054
0500000178;MB-1033
0500000178;BX-1016
0500000178;MB-1031
0500000179;MB-1032
0500000180;EB-1136
0500000180;DB-1082
0500000180;BX-1013
0500000180;RO-1003
0500000180;HB-1174
0500000180;MB-1033
0500000180;EB-1136
0500000180;CB-1161
0500000181;BX-1012
0500000181;DB-1082
0500000181;DB-1083
0500000181;CC-1022
0500000182;BX-1015
0500000182;HB-1172
0500000182;BX-1013
0500000182;RC-1055
0500000182;RC-1056
0500000182;BX-1012
0500000182;DB-1082
0500000182;CB-1163
0500000182;CC-1023
0500000182;CB-1163
0500000183;HB-1174
0500000183;HB-1173
0500000183;EB-1134
0500000183;CB-1163
0500000183;EB-1134
0500000183;BX-1013
0500000183;MB-1032
0500000184;RC-1052
0500000184;MB-1032
0500000184;CC-1023
0500000184;EB-1132
0500000185;EB-1131
0500000185;CB-1161
0500000185;RC-1055
0500000185;BX-1013
0500000185;EB-1135
0500000185;EB-1131
0500000185;CB-1161
0500000185;BX-1013
0500000185;MB-1033
0500000186;CB-1163
0500000186;RC-1051
0500000186;CC-1023
0500000186;MB-1034
0500000187;RO-1003
0500000187;RO-1001
0500000188;HB-1175
0500000188;BX-1016
0500000188;BX-1013
0500000189;BX-1015
0500000189;MB-1032
0500000190;BX-1011
0500000190;BX-1014
0500000191;BX-1015
0500000191;RO-1003
0500000191;CB-1162
0500000191;EB-1131
0500000191;RO-1003
0500000191;BX-1016
0500000191;HB-1171
0500000191;BX-1011
0500000192;CC-1021
0500000192;EB-1137
0500000192;RC-1052
0500000192;MB-1033
0500000192;HB-1173
0500000193;RC-1054
0500000193;EB-1134
0500000193;RC-1055
0500000193;HB-1175
0500000193;DB-1083
0500000193;CB-1163
0500000193;BX-1014
0500000193;RC-1056
0500000194;HB-1176
0500000195;EB-1136
0500000195;EB-1131
0500000195;EB-1137
0500000195;EB-1131
0500000195;DB-1082
0500000195;RO-1002
0500000195;MB-1034
0500000196;CB-1163
0500000196;RC-1057
0500000196;BX-1013
0500000196;DB-1083
0500000196;CB-1163
0500000196;RC-1056
0500000196;BX-1012
0500000196;RO-1001
0500000196;CC-1023
0500000196;BX-1013
0500000197;DB-1081
0500000198;CB-1161
0500000198;RC-1056
0500000198;EB-1134
0500000198;HB-1172
0500000198;BX-1014
0500000198;BX-1015
0500000198;CC-1021
0500000199;CC-1021
0500000199;CC-1021
0500000200;BX-1012
0500000200;HB-1171
0500000200;MB-1033
0500000201;RC-1054
0500000201;DB-1083
0500000201;CB-1163
0500000201;BX-1015
0500000202;DB-1082
0500000202;MB-1032
0500000202;RC-1055
0500000202;RC-1053
0500000202;EB-1132
0500000202;RO-1002
0500000202;BX-1011
0500000202;HB-1171
0500000202;BX-1013
0500000203;BX-1015
0500000203;CB-1161
0500000203;BX-1015
0500000203;EB-1133
0500000203;MB-1032
0500000203;RC-1056
0500000203;HB-1176
0500000204;DB-1081
0500000204;DB-1083
0500000204;DB-1081
0500000204;CB-1161
0500000204;RC-1056
0500000204;HB-1174
0500000205;RC-1057
0500000205;HB-1175
0500000205;EB-1137
0500000205;EB-1131
0500000205;RC-1057
0500000205;DB-1081
0500000205;EB-1131
0500000206;RC-1052
0500000206;RO-1002
0500000206;RC-1052
0500000206;EB-1137
0500000206;HB-1174
0500000207;CC-1021
0500000207;RC-1051
0500000207;EB-1132
0500000207;HB-1174
0500000207;BX-1014
0500000207;EB-1133
0500000207;HB-1176
0500000208;EB-1131
0500000208;BX-1011
0500000208;DB-1081
0500000208;HB-1172
0500000208;EB-1137
0500000208;HB-1175
0500000209;RO-1003
0500000209;EB-1136
0500000209;DB-1083
0500000209;EB-1136
0500000209;BX-1011
0500000209;HB-1172
0500000209;RO-1001
0500000209;RC-1051
0500000210;EB-1135
0500000210;BX-1015
0500000210;EB-1137
0500000210;CB-1163
0500000210;BX-1016
0500000210;CB-1163
0500000210;RC-1055
0500000211;RO-1001
0500000211;BX-1011
0500000211;BX-1016
0500000211;HB-1172
0500000211;EB-1132
0500000211;MB-1032
0500000211;CB-1162
0500000211;RO-1002
0500000212;HB-1176
0500000212;EB-1132
0500000212;RC-1052
0500000212;EB-1132
0500000212;RC-1054
0500000213;CC-1023
0500000213;RC-1057
0500000213;HB-1174
0500000213;CB-1163
0500000213;MB-1034
0500000214;EB-1134
0500000214;MB-1031
0500000214;EB-1134
0500000214;CC-1021
0500000214;DB-1083
0500000214;CC-1022
0500000214;DB-1081
0500000215;MB-1033
0500000215;RO-1002
0500000215;CB-1163
0500000215;BX-1013
0500000215;HB-1174
0500000215;MB-1032
0500000215;EB-1136
0500000215;HB-1171
0500000215;EB-1134
0500000215;MB-1034
0500000216;EB-1137
0500000216;MB-1033
0500000216;DB-1082
0500000216;BX-1016
0500000216;RO-1002
0500000216;HB-1171
0500000216;BX-1013
0500000216;RC-1056
0500000216;BX-1013
0500000217;MB-1031
0500000217;HB-1175
0500000217;EB-1135
0500000217;EB-1136
0500000218;MB-1031
0500000218;RC-1057
0500000218;EB-1134
0500000218;RC-1051
0500000218;MB-1031
0500000218;CC-1023
0500000218;DB-1083
0500000219;BX-1015
0500000219;DB-1081
0500000220;BX-1011
0500000221;DB-1083
0500000221;EB-1133
0500000221;RC-1057
0500000221;RO-1003
0500000221;CC-1023
0500000221;BX-1012
0500000221;MB-1031
0500000221;CC-1021
0500000221;HB-1173
0500000221;CC-1023
0500000222;EB-1136
0500000222;RO-1003
0500000222;BX-1013
0500000222;MB-1031
0500000222;BX-1012
0500000222;RC-1051
0500000222;RC-1052
0500000222;EB-1136
0500000222;CC-1023
0500000222;EB-1136
0500000223;RO-1003
0500000223;RC-1054
0500000223;HB-1173
0500000223;RC-1054
0500000223;RO-1002
0500000224;BX-1011
0500000224;HB-1171
0500000224;RC-1052
0500000224;BX-1014
0500000224;RO-1003
0500000225;RO-1002
0500000225;RC-1055
0500000225;CB-1163
0500000225;RC-1055
0500000225;RO-1003
0500000225;BX-1016
0500000225;CC-1021
0500000225;BX-1014
0500000225;EB-1134
0500000225;MB-1033
0500000226;EB-1132
0500000226;HB-1173
0500000226;BX-1013
0500000227;CC-1022
0500000228;HB-1174
0500000228;RC-1055
0500000228;RC-1052
0500000228;DB-1083
0500000228;EB-1132
0500000229;BX-1015
0500000229;HB-1174
0500000230;CC-1021
0500000230;BX-1011
0500000230;RC-1052
0500000230;HB-1175
0500000230;EB-1136
0500000230;CC-1022
0500000231;HB-1174
0500000231;HB-1171
0500000231;MB-1032
0500000231;BX-1012
0500000231;HB-1176
0500000231;HB-1171
0500000231;RC-1055
0500000231;CC-1023
0500000231;HB-1172
0500000232;HB-1173
0500000232;MB-1032
0500000232;BX-1013
0500000232;EB-1135
0500000232;RO-1002
0500000232;CB-1163
0500000232;HB-1174
0500000232;HB-1171
0500000232;CC-1023
0500000232;MB-1032
0500000233;CB-1161
0500000233;RO-1002
0500000233;HB-1175
0500000233;EB-1134
0500000234;EB-1136
0500000234;CB-1161
0500000234;CB-1163
0500000234;CC-1023
0500000234;HB-1174
0500000234;MB-1031
0500000234;RC-1054
0500000234;RC-1052
0500000235;CC-1021
0500000235;BX-1015
0500000235;BX-1013
0500000235;BX-1011
0500000235;EB-1137
0500000235;MB-1031
0500000235;EB-1131
0500000235;DB-1082
0500000236;DB-1081
0500000236;DB-1081
0500000236;CC-1022
0500000236;EB-1135
0500000236;RC-1053
0500000236;RO-1003
0500000236;RO-1001
0500000236;EB-1136
0500000236;BX-1013
0500000237;BX-1012
0500000237;RC-1055
0500000237;RC-1057
0500000237;HB-1173
0500000237;EB-1132
0500000238;DB-1082
0500000238;BX-1012
0500000238;MB-1033
0500000238;HB-1174
0500000238;CB-1163
0500000238;RO-1003
0500000238;RO-1002
0500000238;RC-1054
0500000238;BX-1013
0500000239;BX-1013
0500000239;DB-1081
0500000239;HB-1171
0500000239;EB-1136
0500000239;BX-1016
0500000239;CB-1162
0500000239;RC-1057
0500000239;RC-1057
0500000239;DB-1082
0500000239;RC-1057
0500000240;DB-1082
0500000240;DB-1082
0500000240;EB-1134
0500000240;BX-1015
0500000241;MB-1031
0500000241;MB-1033
0500000241;HB-1174
0500000241;RO-1002
0500000241;RC-1051
0500000241;EB-1131
0500000241;RC-1052
0500000241;DB-1083
0500000242;RC-1055
0500000242;EB-1133
0500000242;EB-1134
0500000242;EB-1137
0500000242;BX-1011
0500000242;RC-1054
0500000242;RC-1054
0500000243;RO-1001
0500000243;RC-1054
0500000243;BX-1012
0500000243;HB-1171
0500000243;HB-1174
0500000243;BX-1014
0500000244;EB-1137
0500000244;RC-1053
0500000244;BX-1013
0500000244;EB-1137
0500000244;CC-1022
0500000244;BX-1016
0500000244;DB-1083
0500000244;HB-1175
0500000244;CC-1023
0500000244;BX-1013
0500000245;CC-1022
0500000245;RC-1054
0500000246;CC-1023
0500000246;CC-1022
0500000247;MB-1033
0500000247;EB-1131
0500000248;RO-1002
0500000248;EB-1135
0500000249;CC-1021
0500000249;HB-1172
0500000249;RO-1002
0500000249;BX-1013
0500000249;HB-1173
0500000249;HB-1171
0500000249;EB-1137
0500000249;RC-1056
0500000249;BX-1015
0500000249;HB-1173
0500000250;RC-1053
0500000250;EB-1136
0500000250;RC-1052
0500000250;EB-1136
0500000250;CB-1161
0500000250;EB-1131
0500000251;MB-1034
0500000251;EB-1134
0500000252;HB-1172
0500000252;HB-1175
0500000252;BX-1013
0500000252;CB-1162
0500000252;CC-1023
0500000252;CC-1021
0500000252;RC-1053
0500000252;BX-1012
0500000252;CC-1023
0500000252;EB-1131
0500000253;CB-1162
0500000253;CC-1022
0500000253;BX-1011
0500000253;CB-1162
0500000253;CB-1161
0500000253;HB-1174
0500000254;BX-1012
0500000255;RC-1051
0500000255;MB-1033
0500000255;RC-1052
0500000255;EB-1136
0500000255;CC-1023
0500000255;DB-1083
0500000256;RC-1053
0500000256;EB-1136
0500000256;EB-1134
0500000256;MB-1032
0500000256;MB-1034
0500000256;MB-1033
0500000256;MB-1032
0500000257;RO-1001
0500000257;BX-1014
0500000257;BX-1015
0500000258;CB-1162
0500000258;BX-1014
0500000258;CC-1023
0500000258;HB-1176
0500000259;HB-1171
0500000259;RC-1051
0500000259;DB-1083
0500000259;RC-1054
0500000259;BX-1013
0500000259;DB-1081
0500000259;RC-1054
0500000259;MB-1033
0500000259;RO-1003
0500000260;MB-1034
0500000260;BX-1014
0500000260;CB-1163
0500000260;RC-1052
0500000260;RC-1056
0500000260;RC-1056
0500000260;MB-1033
0500000260;BX-1011
0500000260;EB-1134
0500000260;EB-1135
0500000261;RC-1052
0500000261;HB-1175
0500000261;HB-1172
0500000261;RC-1057
0500000261;EB-1135
0500000261;HB-1176
0500000261;EB-1132
0500000261;RC-1053
0500000261;RC-1054
0500000261;HB-1173
0500000262;MB-1034
0500000262;RC-1057
0500000262;EB-1134
0500000262;DB-1083
0500000262;BX-1012
0500000262;CC-1023
0500000262;MB-1033
0500000263;RC-1054
0500000264;BX-1015
0500000264;BX-1013
0500000264;CB-1163
0500000264;CC-1022
0500000264;EB-1135
0500000264;RC-1052
0500000264;EB-1132
0500000264;CB-1162
0500000265;CB-1163
0500000265;MB-1033
0500000265;CB-1163
0500000265;RO-1001
0500000265;EB-1137
0500000265;DB-1081
0500000265;HB-1173
0500000265;EB-1136
0500000265;EB-1134
0500000265;HB-1173
0500000266;RC-1054
0500000267;RC-1053
0500000267;HB-1176
0500000267;MB-1034
0500000268;RC-1052
0500000268;RO-1002
0500000268;CB-1163
0500000268;DB-1082
0500000268;DB-1081
0500000268;EB-1135
0500000268;MB-1031
0500000268;HB-1175
0500000269;CC-1022
0500000269;CC-1021
0500000269;RC-1052
0500000269;RC-1056
0500000269;EB-1136
0500000269;RC-1055
0500000270;CC-1023
0500000270;RC-1055
0500000270;EB-1137
0500000270;MB-1032
0500000270;EB-1133
0500000270;DB-1081
0500000270;CB-1162
0500000271;BX-1012
0500000271;CB-1161
0500000272;EB-1137
0500000272;RO-1002
0500000272;BX-1013
0500000272;MB-1033
0500000272;DB-1083
0500000272;RC-1054
0500000272;HB-1173
0500000272;CB-1163
0500000272;CC-1023
0500000272;CB-1161
0500000273;EB-1136
0500000273;RC-1056
0500000273;RC-1054
0500000273;BX-1011
0500000273;MB-1032
0500000273;EB-1137
0500000273;BX-1011
0500000274;RO-1003
0500000274;BX-1016
0500000274;CB-1163
0500000274;EB-1136
0500000274;CB-1163
0500000274;HB-1176
0500000274;EB-1132
0500000274;RC-1053
0500000275;BX-1016
0500000275;EB-1132
0500000275;RO-1003
0500000275;CB-1161
0500000275;EB-1133
0500000276;MB-1031
0500000276;EB-1134
0500000276;BX-1013
0500000276;MB-1033
0500000276;BX-1016
0500000276;BX-1013
0500000276;EB-1132
0500000276;RC-1057
0500000276;CC-1023
0500000276;RC-1055
0500000277;CB-1162
0500000277;RC-1053
0500000277;HB-1176
0500000278;EB-1132
0500000278;RO-1003
0500000278;CC-1023
0500000278;BX-1013
0500000279;RO-1003
0500000279;RO-1001
0500000279;RC-1057
0500000280;EB-1134
0500000280;HB-1173
0500000280;EB-1137
0500000280;CB-1161
0500000280;HB-1173
0500000280;HB-1175
0500000280;BX-1012
0500000281;MB-1032
0500000281;RC-1055
0500000281;CB-1163
0500000281;BX-1013
0500000281;MB-1034
0500000281;DB-1081
0500000281;HB-1174
0500000281;CB-1161
0500000281;RC-1054
0500000282;EB-1137
0500000282;EB-1137
0500000282;CB-1163
0500000282;CC-1023
0500000282;BX-1015
0500000282;EB-1136
0500000282;BX-1015
0500000282;HB-1171
0500000283;RO-1002
0500000284;DB-1082
0500000284;HB-1175
0500000284;EB-1134
0500000284;CB-1163
0500000284;BX-1015
0500000284;HB-1176
0500000284;RC-1057
0500000285;RO-1002
0500000285;MB-1034
0500000285;EB-1134
0500000285;RC-1054
0500000286;MB-1031
0500000286;MB-1031
0500000286;BX-1013
0500000287;CC-1022
0500000287;BX-1015
0500000287;MB-1033
0500000287;HB-1176
0500000287;HB-1175
0500000287;CB-1163
0500000287;HB-1173
0500000287;EB-1137
0500000287;EB-1137
0500000288;MB-1034
0500000288;HB-1176
0500000289;BX-1012
0500000289;CC-1022
0500000289;BX-1011
0500000290;CC-1021
0500000290;EB-1136
0500000290;RC-1055
0500000290;EB-1133
0500000290;DB-1083
0500000290;CC-1023
0500000290;BX-1013
0500000290;EB-1133
0500000290;MB-1033
0500000291;EB-1136
0500000291;DB-1083
0500000291;BX-1014
0500000291;EB-1136
0500000291;MB-1033
0500000291;CB-1162
0500000291;CC-1021
0500000291;HB-1173
0500000291;HB-1172
0500000292;DB-1083
0500000292;RO-1003
0500000292;BX-1013
0500000293;MB-1031
0500000293;EB-1135
0500000293;BX-1014
0500000293;RC-1053
0500000293;RO-1001
0500000293;RC-1055
0500000293;RC-1055
0500000293;RC-1052
0500000293;CB-1161
0500000293;RC-1053
0500000294;HB-1171
0500000294;BX-1015
0500000294;CB-1163
0500000294;BX-1015
0500000294;RC-1057
0500000294;DB-1083
0500000294;EB-1135
0500000294;RC-1051
0500000295;BX-1015
0500000295;BX-1014
0500000295;EB-1134
0500000295;DB-1083
0500000296;RC-1055
0500000296;BX-1012
0500000296;RC-1052
0500000296;CC-1021
0500000296;RC-1054
0500000297;EB-1131
0500000297;EB-1135
0500000297;BX-1015
0500000297;BX-1011
0500000297;DB-1083
0500000297;HB-1175
0500000297;CC-1023
0500000297;MB-1034
0500000297;EB-1131
0500000297;CB-1162
0500000298;CC-1022
0500000298;EB-1131
0500000298;BX-1013
0500000299;RC-1055
0500000299;RC-1056
0500000299;EB-1134
0500000299;RC-1057
0500000299;HB-1171
0500000300;MB-1031
0500000300;EB-1135
0500000300;RC-1055
0500000300;HB-1173
0500000300;RC-1052
0500000300;EB-1135
0500000300;RC-1054
0500000300;EB-1131
0500000300;MB-1033
0500000301;BX-1012
0500000301;BX-1016
0500000301;EB-1133
0500000302;MB-1032
0500000302;HB-1173
0500000302;BX-1013
0500000302;EB-1131
0500000302;CB-1163
0500000302;EB-1134
0500000302;DB-1083
0500000302;BX-1016
0500000302;CC-1023
0500000302;CC-1022
0500000303;RC-1057
0500000303;CC-1021
0500000303;RC-1056
0500000304;BX-1016
0500000304;RC-1052
0500000304;EB-1134
0500000304;RC-1056
0500000304;DB-1082
0500000304;RO-1002
0500000304;RC-1057
0500000304;CC-1021
0500000304;BX-1013
0500000305;MB-1033
0500000305;BX-1011
0500000305;EB-1137
0500000305;RC-1052
0500000305;MB-1033
0500000305;RC-1057
0500000305;EB-1132
0500000306;RO-1002
0500000306;EB-1132
0500000306;RC-1052
0500000306;MB-1034
0500000306;EB-1137
0500000307;CC-1022
0500000307;DB-1083
0500000307;EB-1137
0500000308;RC-1055
0500000308;MB-1034
0500000308;CB-1163
0500000308;CC-1023
0500000308;MB-1033
0500000308;CC-1023
0500000308;EB-1137
0500000308;RO-1003
0500000309;EB-1136
0500000309;RC-1051
0500000309;HB-1172
0500000309;EB-1131
0500000309;MB-1031
0500000309;BX-1016
0500000310;EB-1132
0500000310;RC-1054
0500000311;DB-1082
0500000311;CC-1023
0500000311;EB-1131
0500000311;CC-1022
0500000311;EB-1133
0500000312;MB-1031
0500000312;HB-1175
0500000312;RC-1052
0500000312;DB-1082
0500000312;BX-1012
0500000313;HB-1171
0500000313;CB-1162
0500000313;HB-1176
0500000313;MB-1031
0500000313;HB-1172
0500000313;CC-1023
0500000313;RC-1056
0500000313;BX-1011
0500000313;CC-1022
0500000313;EB-1134
0500000314;MB-1031
0500000314;CC-1022
0500000314;BX-1013
0500000314;MB-1031
0500000314;DB-1083
0500000314;CB-1162
0500000314;CB-1162
0500000314;CB-1162
0500000314;CC-1023
0500000314;MB-1032
0500000315;HB-1172
0500000315;RC-1057
0500000315;EB-1134
0500000315;RC-1055
0500000316;CB-1163
0500000317;BX-1011
0500000317;EB-1132
0500000318;DB-1083
0500000318;DB-1083
0500000318;EB-1134
0500000318;HB-1175
0500000318;RC-1053
0500000318;DB-1081
0500000318;HB-1171
0500000319;RC-1054
0500000319;RC-1056
0500000319;MB-1031
0500000320;DB-1083
0500000320;BX-1016
0500000320;BX-1013
0500000320;RO-1001
0500000320;CC-1023
0500000320;CB-1161
0500000320;CC-1023
0500000320;RO-1002
0500000321;CC-1022
0500000321;DB-1081
0500000321;HB-1172
0500000321;EB-1136
0500000321;CC-1021
0500000321;DB-1083
0500000321;BX-1016
0500000321;EB-1136
0500000321;BX-1012
0500000321;RC-1057
0500000322;EB-1131
0500000322;MB-1032
0500000322;BX-1013
0500000322;CB-1163
0500000322;HB-1173
0500000322;HB-1172
0500000322;CB-1163
0500000322;HB-1174
0500000322;CC-1023
0500000322;HB-1171
0500000323;EB-1132
0500000323;RC-1057
0500000323;HB-1174
0500000323;EB-1135
0500000323;EB-1133
0500000323;BX-1011
0500000323;MB-1033
0500000324;MB-1034
0500000324;BX-1016
0500000324;BX-1013
0500000325;MB-1033
0500000325;RO-1002
0500000325;EB-1137
0500000325;MB-1032
0500000325;BX-1012
0500000325;CB-1162
0500000325;RO-1002
0500000326;EB-1136
0500000326;BX-1016
0500000326;BX-1013
0500000327;BX-1013
0500000327;RO-1002
0500000327;DB-1082
0500000327;RC-1051
0500000328;HB-1174
0500000328;EB-1132
0500000329;RC-1053
0500000329;BX-1014
0500000329;CC-1022
0500000329;RC-1053
0500000329;CC-1023
0500000329;HB-1173
0500000329;DB-1081
0500000330;BX-1012
0500000330;CB-1163
0500000330;EB-1137
0500000330;MB-1032
0500000330;RC-1057
0500000330;HB-1171
0500000330;RC-1056
0500000331;HB-1175
0500000331;RC-1051
0500000332;HB-1171
0500000332;BX-1011
0500000332;CB-1163
0500000332;CC-1022
0500000332;BX-1014
0500000332;RC-1052
0500000332;RC-1055
0500000332;RC-1054
0500000333;MB-1031
0500000333;BX-1013
0500000333;EB-1132
0500000333;BX-1011
0500000333;BX-1015
